DATE, TIME, MVA_OPEN, MVA_HIGH, MVA_LOW, MVA_CLOSE
4/4/2017, 07:00 ,1.0658,1.0666,1.0651,1.0657
4/4/2017, 08:00 ,1.0656,1.0665,1.065,1.0657
4/4/2017, 09:00 ,1.0656,1.0665,1.065,1.0657
4/4/2017, 10:00 ,1.0656,1.0664,1.0649,1.0656
4/4/2017, 11:00 ,1.0654,1.0663,1.0648,1.0656
4/4/2017, 12:00 ,1.0654,1.0662,1.0649,1.0656
4/4/2017, 13:00 ,1.0655,1.0663,1.065,1.0657
4/4/2017, 14:00 ,1.0656,1.0663,1.065,1.0657
4/4/2017, 15:00 ,1.0656,1.0663,1.065,1.0657
4/5/2017, 07:00 ,1.0656,1.0663,1.065,1.0657
4/5/2017, 08:00 ,1.0657,1.0666,1.0653,1.0661
4/5/2017, 09:00 ,1.0661,1.0668,1.0654,1.0663
4/5/2017, 10:00 ,1.0663,1.0669,1.0655,1.0664
4/5/2017, 11:00 ,1.0664,1.0671,1.0656,1.0665
4/5/2017, 12:00 ,1.0665,1.0671,1.0656,1.0665
4/5/2017, 13:00 ,1.0665,1.0671,1.0655,1.0663
4/5/2017, 14:00 ,1.0663,1.0669,1.0654,1.0662
4/5/2017, 15:00 ,1.0662,1.067,1.0652,1.0663
4/6/2017, 07:00 ,1.0663,1.067,1.0653,1.0662
4/6/2017, 08:00 ,1.0662,1.067,1.0652,1.0661
4/6/2017, 09:00 ,1.0661,1.0668,1.0651,1.0659
4/6/2017, 10:00 ,1.0659,1.0666,1.0651,1.0658
4/6/2017, 11:00 ,1.0658,1.0666,1.065,1.0657
4/6/2017, 12:00 ,1.0657,1.0664,1.0649,1.0656
4/6/2017, 13:00 ,1.0656,1.0663,1.0649,1.0655
4/6/2017, 14:00 ,1.0655,1.0663,1.0648,1.0655
4/6/2017, 15:00 ,1.0655,1.0662,1.0647,1.0655
4/7/2017, 07:00 ,1.0654,1.0659,1.0647,1.0651
4/7/2017, 08:00 ,1.065,1.0656,1.0643,1.0647
4/7/2017, 09:00 ,1.0646,1.0655,1.0639,1.0643
4/7/2017, 10:00 ,1.0642,1.0651,1.0635,1.064
4/7/2017, 11:00 ,1.0639,1.0648,1.0631,1.0636
4/7/2017, 12:00 ,1.0636,1.0644,1.0626,1.0632
4/7/2017, 13:00 ,1.0631,1.064,1.0621,1.0627
4/7/2017, 14:00 ,1.0626,1.0634,1.0615,1.0621
4/7/2017, 15:00 ,1.062,1.0628,1.0609,1.0615
4/10/2017, 07:00 ,1.0613,1.0621,1.0602,1.0608
4/10/2017, 08:00 ,1.0607,1.0615,1.0596,1.0603
4/10/2017, 09:00 ,1.0602,1.061,1.0592,1.0598
4/10/2017, 10:00 ,1.0597,1.0603,1.0588,1.0596
4/10/2017, 11:00 ,1.0595,1.06,1.0586,1.0592
4/10/2017, 12:00 ,1.0591,1.0598,1.0584,1.0591
4/10/2017, 13:00 ,1.059,1.0596,1.0583,1.059
4/10/2017, 14:00 ,1.0589,1.0595,1.0583,1.059
4/10/2017, 15:00 ,1.0589,1.0595,1.0584,1.0591
4/11/2017, 07:00 ,1.0591,1.0598,1.0587,1.0593
4/11/2017, 08:00 ,1.0594,1.0602,1.059,1.0597
4/11/2017, 09:00 ,1.0598,1.0605,1.0594,1.06
4/11/2017, 10:00 ,1.0602,1.0608,1.0598,1.0604
4/11/2017, 11:00 ,1.0605,1.0612,1.0601,1.0607
4/11/2017, 12:00 ,1.0608,1.0614,1.0603,1.0609
4/11/2017, 13:00 ,1.061,1.0615,1.0604,1.0609
4/11/2017, 14:00 ,1.061,1.0615,1.0604,1.061
4/11/2017, 15:00 ,1.0611,1.0616,1.0605,1.061
4/12/2017, 07:00 ,1.0611,1.0616,1.0605,1.0611
4/12/2017, 08:00 ,1.0611,1.0615,1.0605,1.061
4/12/2017, 09:00 ,1.061,1.0614,1.0604,1.0609
4/12/2017, 10:00 ,1.0608,1.0613,1.0603,1.0608
4/12/2017, 11:00 ,1.0608,1.0614,1.0603,1.0609
4/12/2017, 12:00 ,1.0609,1.0613,1.0603,1.0607
4/12/2017, 13:00 ,1.0607,1.0611,1.0601,1.0606
4/12/2017, 14:00 ,1.0606,1.061,1.06,1.0604
4/12/2017, 15:00 ,1.0604,1.061,1.0599,1.0604
4/13/2017, 07:00 ,1.0608,1.0613,1.0602,1.0607
4/13/2017, 08:00 ,1.0611,1.0616,1.0605,1.0609
4/13/2017, 09:00 ,1.0614,1.0619,1.0607,1.0611
4/13/2017, 10:00 ,1.0616,1.0622,1.0608,1.0613
4/13/2017, 11:00 ,1.0618,1.0624,1.0609,1.0615
4/13/2017, 12:00 ,1.0619,1.0625,1.0611,1.0616
4/13/2017, 13:00 ,1.062,1.0626,1.0612,1.0617
4/13/2017, 14:00 ,1.0622,1.0628,1.0613,1.0618
4/13/2017, 15:00 ,1.0623,1.0629,1.0616,1.062
4/14/2017, 07:00 ,1.0626,1.0631,1.0618,1.0623
4/14/2017, 08:00 ,1.0624,1.0629,1.0617,1.0621
4/14/2017, 09:00 ,1.0622,1.0628,1.0615,1.0621
4/14/2017, 10:00 ,1.0622,1.0628,1.0615,1.0621
4/14/2017, 11:00 ,1.0621,1.0627,1.0616,1.0621
4/14/2017, 12:00 ,1.0622,1.0627,1.0617,1.0621
4/14/2017, 13:00 ,1.0622,1.0626,1.0616,1.062
4/14/2017, 14:00 ,1.0621,1.0625,1.0615,1.062
4/14/2017, 15:00 ,1.062,1.0624,1.0615,1.0619
4/17/2017, 07:00 ,1.0621,1.0625,1.0616,1.0621
4/17/2017, 08:00 ,1.0622,1.0627,1.0617,1.0623
4/17/2017, 09:00 ,1.0624,1.063,1.062,1.0626
4/17/2017, 10:00 ,1.0627,1.0633,1.0623,1.0628
4/17/2017, 11:00 ,1.0629,1.0636,1.0627,1.0633
4/17/2017, 12:00 ,1.0634,1.0641,1.063,1.0636
4/17/2017, 13:00 ,1.0637,1.0644,1.0633,1.0639
4/17/2017, 14:00 ,1.064,1.0647,1.0637,1.0643
4/17/2017, 15:00 ,1.0644,1.065,1.064,1.0645
4/18/2017, 07:00 ,1.0648,1.0655,1.0644,1.065
4/18/2017, 08:00 ,1.0652,1.066,1.0647,1.0655
4/18/2017, 09:00 ,1.0657,1.0666,1.0652,1.0661
4/18/2017, 10:00 ,1.0662,1.0671,1.0656,1.0665
4/18/2017, 11:00 ,1.0666,1.0675,1.066,1.0669
4/18/2017, 12:00 ,1.0671,1.0679,1.0664,1.0673
4/18/2017, 13:00 ,1.0675,1.0683,1.0668,1.0678
4/18/2017, 14:00 ,1.068,1.069,1.0673,1.0685
4/18/2017, 15:00 ,1.0686,1.0698,1.068,1.0693
4/19/2017, 07:00 ,1.0693,1.0705,1.0688,1.0701
4/19/2017, 08:00 ,1.07,1.0712,1.0695,1.0706
4/19/2017, 09:00 ,1.0705,1.0716,1.07,1.071
4/19/2017, 10:00 ,1.071,1.0718,1.0703,1.0711
4/19/2017, 11:00 ,1.071,1.072,1.0705,1.0714
4/19/2017, 12:00 ,1.0713,1.0722,1.0707,1.0715
4/19/2017, 13:00 ,1.0714,1.0723,1.0708,1.0715
4/19/2017, 14:00 ,1.0714,1.0724,1.0709,1.0716
4/19/2017, 15:00 ,1.0715,1.0723,1.071,1.0715
4/20/2017, 07:00 ,1.0719,1.0726,1.0714,1.0718
4/20/2017, 08:00 ,1.0722,1.0728,1.0716,1.072
4/20/2017, 09:00 ,1.0724,1.0731,1.0718,1.0723
4/20/2017, 10:00 ,1.0728,1.0735,1.0721,1.0728
4/20/2017, 11:00 ,1.0732,1.074,1.0726,1.0734
4/20/2017, 12:00 ,1.0738,1.0745,1.0731,1.0738
4/20/2017, 13:00 ,1.0743,1.075,1.0735,1.0742
4/20/2017, 14:00 ,1.0747,1.0753,1.0736,1.0743
4/20/2017, 15:00 ,1.0748,1.0754,1.0737,1.0744
4/21/2017, 07:00 ,1.0747,1.0752,1.0734,1.0742
4/21/2017, 08:00 ,1.0741,1.0746,1.0728,1.0736
4/21/2017, 09:00 ,1.0734,1.0741,1.0723,1.0731
4/21/2017, 10:00 ,1.0729,1.0737,1.0718,1.0726
4/21/2017, 11:00 ,1.0724,1.073,1.0712,1.0718
4/21/2017, 12:00 ,1.0716,1.0723,1.0706,1.0711
4/21/2017, 13:00 ,1.0709,1.0715,1.0699,1.0704
4/21/2017, 14:00 ,1.0703,1.071,1.0694,1.0699
4/21/2017, 15:00 ,1.0698,1.0705,1.0691,1.0697
4/24/2017, 07:00 ,1.0713,1.072,1.0704,1.0711
4/24/2017, 08:00 ,1.0729,1.0736,1.072,1.0725
4/24/2017, 09:00 ,1.0743,1.0752,1.0735,1.0742
4/24/2017, 10:00 ,1.0759,1.0769,1.0751,1.0758
4/24/2017, 11:00 ,1.0776,1.0785,1.0767,1.0775
4/24/2017, 12:00 ,1.0792,1.0801,1.0783,1.0791
4/24/2017, 13:00 ,1.0808,1.0817,1.0798,1.0805
4/24/2017, 14:00 ,1.0823,1.0832,1.0814,1.0821
4/24/2017, 15:00 ,1.0838,1.0847,1.0829,1.0837
4/25/2017, 07:00 ,1.0857,1.0865,1.0848,1.0855
4/25/2017, 08:00 ,1.0858,1.0867,1.085,1.0858
4/25/2017, 09:00 ,1.0861,1.087,1.0855,1.0863
4/25/2017, 10:00 ,1.0865,1.0874,1.0859,1.0867
4/25/2017, 11:00 ,1.0869,1.088,1.0862,1.0873
4/25/2017, 12:00 ,1.0876,1.0887,1.0868,1.0881
4/25/2017, 13:00 ,1.0884,1.0895,1.0878,1.0891
4/25/2017, 14:00 ,1.0894,1.0905,1.0887,1.0901
4/25/2017, 15:00 ,1.0903,1.0914,1.0896,1.091
4/26/2017, 07:00 ,1.0908,1.0918,1.09,1.0913
4/26/2017, 08:00 ,1.0909,1.0919,1.0902,1.0915
4/26/2017, 09:00 ,1.0911,1.092,1.0902,1.0914
4/26/2017, 10:00 ,1.0911,1.092,1.0901,1.0915
4/26/2017, 11:00 ,1.0911,1.0919,1.0901,1.0912
4/26/2017, 12:00 ,1.0909,1.0914,1.0897,1.0907
4/26/2017, 13:00 ,1.0903,1.0908,1.0892,1.09
4/26/2017, 14:00 ,1.0896,1.0903,1.0884,1.0895
4/26/2017, 15:00 ,1.0891,1.0899,1.088,1.0891
4/27/2017, 07:00 ,1.0887,1.0896,1.0876,1.0887
4/27/2017, 08:00 ,1.0887,1.0896,1.0876,1.0887
4/27/2017, 09:00 ,1.0887,1.0899,1.0875,1.0887
4/27/2017, 10:00 ,1.0887,1.0899,1.0872,1.0885
4/27/2017, 11:00 ,1.0884,1.0897,1.087,1.0882
4/27/2017, 12:00 ,1.0882,1.0895,1.0869,1.0881
4/27/2017, 13:00 ,1.0881,1.0895,1.0869,1.0881
4/27/2017, 14:00 ,1.0881,1.0895,1.0869,1.0882
4/27/2017, 15:00 ,1.0882,1.0894,1.0871,1.088
4/28/2017, 07:00 ,1.0886,1.0897,1.0876,1.0884
4/28/2017, 08:00 ,1.089,1.0901,1.0879,1.0888
4/28/2017, 09:00 ,1.0893,1.0904,1.0882,1.089
4/28/2017, 10:00 ,1.0896,1.0903,1.0884,1.0892
4/28/2017, 11:00 ,1.0898,1.0905,1.0887,1.0895
4/28/2017, 12:00 ,1.0901,1.0908,1.089,1.0898
4/28/2017, 13:00 ,1.0904,1.0911,1.0893,1.0902
4/28/2017, 14:00 ,1.0908,1.0914,1.0897,1.0905
4/28/2017, 15:00 ,1.091,1.0915,1.0899,1.0906
5/1/2017, 07:00 ,1.0912,1.0917,1.0901,1.0908
5/1/2017, 08:00 ,1.0908,1.0913,1.0897,1.0904
5/1/2017, 09:00 ,1.0905,1.0911,1.0895,1.0903
5/1/2017, 10:00 ,1.0903,1.0909,1.0895,1.0902
5/1/2017, 11:00 ,1.0903,1.091,1.0895,1.0902
5/1/2017, 12:00 ,1.0902,1.091,1.0898,1.0904
5/1/2017, 13:00 ,1.0904,1.0911,1.0899,1.0905
5/1/2017, 14:00 ,1.0905,1.0911,1.09,1.0905
5/1/2017, 15:00 ,1.0906,1.0912,1.0901,1.0906
5/2/2017, 07:00 ,1.0907,1.0913,1.0903,1.0908
5/2/2017, 08:00 ,1.0909,1.0915,1.0903,1.0909
5/2/2017, 09:00 ,1.091,1.0916,1.0904,1.0909
5/2/2017, 10:00 ,1.091,1.0915,1.0904,1.0908
5/2/2017, 11:00 ,1.0909,1.0914,1.0902,1.0907
5/2/2017, 12:00 ,1.0909,1.0913,1.0901,1.0907
5/2/2017, 13:00 ,1.0908,1.0913,1.0901,1.0906
5/2/2017, 14:00 ,1.0907,1.0913,1.0901,1.0908
5/2/2017, 15:00 ,1.0909,1.0916,1.0903,1.091
5/3/2017, 07:00 ,1.0909,1.0916,1.0903,1.091
5/3/2017, 08:00 ,1.0909,1.0916,1.0903,1.091
5/3/2017, 09:00 ,1.0908,1.0916,1.0904,1.0911
5/3/2017, 10:00 ,1.0909,1.0917,1.0904,1.0911
5/3/2017, 11:00 ,1.091,1.0917,1.0904,1.0911
5/3/2017, 12:00 ,1.0909,1.0918,1.0906,1.0913
5/3/2017, 13:00 ,1.0911,1.0919,1.0908,1.0914
5/3/2017, 14:00 ,1.0912,1.092,1.0908,1.0914
5/3/2017, 15:00 ,1.0912,1.092,1.0907,1.0913
5/4/2017, 07:00 ,1.0914,1.0922,1.0908,1.0913
5/4/2017, 08:00 ,1.0916,1.0923,1.091,1.0914
5/4/2017, 09:00 ,1.0917,1.0926,1.0911,1.0917
5/4/2017, 10:00 ,1.0919,1.0927,1.0912,1.0919
5/4/2017, 11:00 ,1.0922,1.093,1.0914,1.0922
5/4/2017, 12:00 ,1.0925,1.0936,1.0918,1.0928
5/4/2017, 13:00 ,1.0931,1.0942,1.0923,1.0934
5/4/2017, 14:00 ,1.0936,1.0947,1.0929,1.0939
5/4/2017, 15:00 ,1.0942,1.0953,1.0934,1.0945
5/5/2017, 07:00 ,1.0946,1.0956,1.0941,1.0951
5/5/2017, 08:00 ,1.0949,1.0959,1.0943,1.0954
5/5/2017, 09:00 ,1.0951,1.0964,1.0945,1.0959
5/5/2017, 10:00 ,1.0957,1.0969,1.095,1.0964
5/5/2017, 11:00 ,1.0961,1.0974,1.0955,1.0968
5/5/2017, 12:00 ,1.0966,1.0979,1.096,1.0973
5/5/2017, 13:00 ,1.0971,1.0982,1.0965,1.0976
5/5/2017, 14:00 ,1.0974,1.0983,1.0967,1.0977
5/5/2017, 15:00 ,1.0975,1.0985,1.0969,1.098
5/8/2017, 07:00 ,1.0972,1.0983,1.0966,1.0977
5/8/2017, 08:00 ,1.0972,1.0982,1.0964,1.0975
5/8/2017, 09:00 ,1.097,1.0981,1.0962,1.0974
5/8/2017, 10:00 ,1.0969,1.0977,1.0961,1.097
5/8/2017, 11:00 ,1.0965,1.0973,1.0958,1.0965
5/8/2017, 12:00 ,1.096,1.0967,1.0952,1.0959
5/8/2017, 13:00 ,1.0955,1.0961,1.0946,1.0953
5/8/2017, 14:00 ,1.0948,1.0955,1.094,1.0947
5/8/2017, 15:00 ,1.0942,1.0949,1.0934,1.0941
