DATE,TIME,TIME1,H1.OPEN-0,H1.HIGH-0,H1.LOW-0,H1.CLOSE-0
4/3/2017, 07:00 ,7,1.0662,1.0664,1.0652,1.0654
4/3/2017, 08:00 ,8,1.0654,1.0659,1.0649,1.0655
4/3/2017, 09:00 ,9,1.0655,1.0669,1.0653,1.0662
4/3/2017, 10:00 ,10,1.0662,1.0666,1.0657,1.0663
4/3/2017, 11:00 ,11,1.0663,1.0679,1.065,1.0653
4/3/2017, 12:00 ,12,1.0653,1.0656,1.0642,1.0654
4/3/2017, 13:00 ,13,1.0654,1.0664,1.0654,1.066
4/3/2017, 14:00 ,14,1.066,1.067,1.0659,1.0667
4/3/2017, 15:00 ,15,1.0667,1.0672,1.0662,1.0666
4/4/2017, 07:00 ,7,1.0655,1.0659,1.0634,1.0641
4/4/2017, 08:00 ,8,1.0641,1.0653,1.0641,1.0647
4/4/2017, 09:00 ,9,1.0647,1.0658,1.0646,1.0654
4/4/2017, 10:00 ,10,1.0654,1.0659,1.0646,1.0651
4/4/2017, 11:00 ,11,1.0651,1.0664,1.0647,1.0663
4/4/2017, 12:00 ,12,1.0663,1.0667,1.0658,1.0662
4/4/2017, 13:00 ,13,1.0662,1.0668,1.0657,1.066
4/4/2017, 14:00 ,14,1.066,1.0663,1.0648,1.066
4/4/2017, 15:00 ,15,1.066,1.0668,1.0657,1.0667
4/5/2017, 07:00 ,7,1.0668,1.0671,1.0664,1.0669
4/5/2017, 08:00 ,8,1.0669,1.0685,1.0664,1.068
4/5/2017, 09:00 ,9,1.068,1.0681,1.0653,1.0665
4/5/2017, 10:00 ,10,1.0665,1.0669,1.0657,1.0663
4/5/2017, 11:00 ,11,1.0663,1.0673,1.0656,1.0661
4/5/2017, 12:00 ,12,1.0661,1.0669,1.0651,1.0659
4/5/2017, 13:00 ,13,1.0659,1.066,1.0644,1.0646
4/5/2017, 14:00 ,14,1.0646,1.0651,1.0645,1.0648
4/5/2017, 15:00 ,15,1.0648,1.0669,1.0632,1.0667
4/6/2017, 07:00 ,7,1.0667,1.0668,1.066,1.0663
4/6/2017, 08:00 ,8,1.0663,1.0675,1.0653,1.0659
4/6/2017, 09:00 ,9,1.0659,1.0668,1.0655,1.066
4/6/2017, 10:00 ,10,1.066,1.0662,1.0652,1.0654
4/6/2017, 11:00 ,11,1.0654,1.0664,1.0654,1.0657
4/6/2017, 12:00 ,12,1.0657,1.0658,1.0645,1.065
4/6/2017, 13:00 ,13,1.065,1.0656,1.0646,1.0649
4/6/2017, 14:00 ,14,1.0649,1.0656,1.0637,1.0645
4/6/2017, 15:00 ,15,1.0645,1.0649,1.0641,1.0646
4/7/2017, 07:00 ,7,1.0637,1.0638,1.0629,1.0629
4/7/2017, 08:00 ,8,1.0629,1.0632,1.0622,1.0623
4/7/2017, 09:00 ,9,1.0623,1.0666,1.061,1.0619
4/7/2017, 10:00 ,10,1.0619,1.0633,1.0613,1.063
4/7/2017, 11:00 ,11,1.063,1.0632,1.0612,1.0617
4/7/2017, 12:00 ,12,1.0617,1.0621,1.061,1.0614
4/7/2017, 13:00 ,13,1.0614,1.0618,1.0594,1.0598
4/7/2017, 14:00 ,14,1.0598,1.0599,1.0581,1.0584
4/7/2017, 15:00 ,15,1.0584,1.0589,1.058,1.0588
4/10/2017, 07:00 ,7,1.0579,1.058,1.0574,1.0578
4/10/2017, 08:00 ,8,1.0578,1.0583,1.0569,1.0575
4/10/2017, 09:00 ,9,1.0575,1.0581,1.0572,1.0575
4/10/2017, 10:00 ,10,1.0575,1.0597,1.0575,1.0596
4/10/2017, 11:00 ,11,1.0596,1.0603,1.0589,1.0598
4/10/2017, 12:00 ,12,1.0598,1.0606,1.0596,1.0604
4/10/2017, 13:00 ,13,1.0604,1.0606,1.0598,1.06
4/10/2017, 14:00 ,14,1.06,1.0601,1.0596,1.0599
4/10/2017, 15:00 ,15,1.0599,1.0605,1.0593,1.0594
4/11/2017, 07:00 ,7,1.0606,1.0619,1.0605,1.0611
4/11/2017, 08:00 ,8,1.0611,1.0616,1.0608,1.0616
4/11/2017, 09:00 ,9,1.0616,1.0618,1.0607,1.0612
4/11/2017, 10:00 ,10,1.0612,1.0614,1.0608,1.0611
4/11/2017, 11:00 ,11,1.0611,1.0629,1.061,1.0628
4/11/2017, 12:00 ,12,1.0628,1.0629,1.0612,1.0613
4/11/2017, 13:00 ,13,1.0613,1.0614,1.0604,1.0609
4/11/2017, 14:00 ,14,1.0609,1.061,1.06,1.0603
4/11/2017, 15:00 ,15,1.0603,1.0608,1.0602,1.0607
4/12/2017, 07:00 ,7,1.0604,1.0607,1.0599,1.0601
4/12/2017, 08:00 ,8,1.0601,1.0603,1.0597,1.0601
4/12/2017, 09:00 ,9,1.0601,1.0605,1.0597,1.06
4/12/2017, 10:00 ,10,1.06,1.0613,1.0599,1.0609
4/12/2017, 11:00 ,11,1.0609,1.062,1.0606,1.0618
4/12/2017, 12:00 ,12,1.0618,1.0621,1.061,1.061
4/12/2017, 13:00 ,13,1.061,1.0611,1.0601,1.0602
4/12/2017, 14:00 ,14,1.0602,1.0606,1.0588,1.0593
4/12/2017, 15:00 ,15,1.0593,1.0601,1.0592,1.0595
4/13/2017, 07:00 ,7,1.0642,1.0644,1.0633,1.0637
4/13/2017, 08:00 ,8,1.0637,1.0641,1.0622,1.0623
4/13/2017, 09:00 ,9,1.0623,1.063,1.0622,1.0627
4/13/2017, 10:00 ,10,1.0627,1.0635,1.061,1.0618
4/13/2017, 11:00 ,11,1.0618,1.0629,1.0608,1.0623
4/13/2017, 12:00 ,12,1.0623,1.0634,1.0621,1.0629
4/13/2017, 13:00 ,13,1.0629,1.063,1.0621,1.0621
4/13/2017, 14:00 ,14,1.0621,1.0626,1.0614,1.0617
4/13/2017, 15:00 ,15,1.0617,1.0618,1.0614,1.0614
4/14/2017, 07:00 ,7,1.0621,1.0623,1.0619,1.0621
4/14/2017, 08:00 ,8,1.0621,1.0624,1.0616,1.0616
4/14/2017, 09:00 ,9,1.0616,1.0629,1.0606,1.0628
4/14/2017, 10:00 ,10,1.0628,1.0629,1.0617,1.062
4/14/2017, 11:00 ,11,1.062,1.0625,1.062,1.0624
4/14/2017, 12:00 ,12,1.0624,1.0628,1.0621,1.0621
4/14/2017, 13:00 ,13,1.0621,1.0627,1.0613,1.0617
4/14/2017, 14:00 ,14,1.0617,1.062,1.0613,1.0617
4/14/2017, 15:00 ,15,1.0617,1.0617,1.0612,1.0613
4/17/2017, 07:00 ,7,1.0624,1.0632,1.0624,1.063
4/17/2017, 08:00 ,8,1.063,1.0642,1.063,1.0641
4/17/2017, 09:00 ,9,1.0641,1.0648,1.064,1.0645
4/17/2017, 10:00 ,10,1.0645,1.0657,1.0642,1.0654
4/17/2017, 11:00 ,11,1.0654,1.0666,1.0654,1.0663
4/17/2017, 12:00 ,12,1.0663,1.067,1.0655,1.066
4/17/2017, 13:00 ,13,1.066,1.066,1.0651,1.0653
4/17/2017, 14:00 ,14,1.0653,1.0655,1.065,1.0654
4/17/2017, 15:00 ,15,1.0654,1.0657,1.0641,1.0641
4/18/2017, 07:00 ,7,1.0656,1.0665,1.0648,1.0664
4/18/2017, 08:00 ,8,1.0664,1.0684,1.0663,1.0678
4/18/2017, 09:00 ,9,1.0678,1.0699,1.0676,1.0696
4/18/2017, 10:00 ,10,1.0696,1.0696,1.0682,1.0684
4/18/2017, 11:00 ,11,1.0684,1.0699,1.0683,1.0698
4/18/2017, 12:00 ,12,1.0698,1.0708,1.0695,1.0705
4/18/2017, 13:00 ,13,1.0705,1.0707,1.0695,1.0707
4/18/2017, 14:00 ,14,1.0707,1.0732,1.0702,1.0722
4/18/2017, 15:00 ,15,1.0722,1.0732,1.0716,1.073
4/19/2017, 07:00 ,7,1.0721,1.0729,1.0721,1.0725
4/19/2017, 08:00 ,8,1.0725,1.0729,1.0716,1.0718
4/19/2017, 09:00 ,9,1.0718,1.0727,1.0718,1.0719
4/19/2017, 10:00 ,10,1.0719,1.0722,1.0703,1.0704
4/19/2017, 11:00 ,11,1.0704,1.072,1.0704,1.0712
4/19/2017, 12:00 ,12,1.0712,1.0718,1.0699,1.0706
4/19/2017, 13:00 ,13,1.0706,1.0715,1.0704,1.071
4/19/2017, 14:00 ,14,1.071,1.0713,1.0709,1.0711
4/19/2017, 15:00 ,15,1.0711,1.0722,1.0711,1.0719
4/20/2017, 07:00 ,7,1.0763,1.0764,1.0753,1.0755
4/20/2017, 08:00 ,8,1.0755,1.0755,1.0741,1.0746
4/20/2017, 09:00 ,9,1.0746,1.0751,1.074,1.075
4/20/2017, 10:00 ,10,1.075,1.0769,1.0747,1.0765
4/20/2017, 11:00 ,11,1.0765,1.077,1.0751,1.0765
4/20/2017, 12:00 ,12,1.0765,1.0776,1.0754,1.0757
4/20/2017, 13:00 ,13,1.0757,1.076,1.0742,1.0745
4/20/2017, 14:00 ,14,1.0745,1.0747,1.0714,1.0718
4/20/2017, 15:00 ,15,1.0718,1.0723,1.0715,1.072
4/21/2017, 07:00 ,7,1.0704,1.0706,1.0687,1.07
4/21/2017, 08:00 ,8,1.07,1.0704,1.069,1.069
4/21/2017, 09:00 ,9,1.069,1.0703,1.0689,1.07
4/21/2017, 10:00 ,10,1.07,1.071,1.0696,1.0697
4/21/2017, 11:00 ,11,1.0697,1.0704,1.0685,1.0687
4/21/2017, 12:00 ,12,1.0687,1.07,1.0686,1.0693
4/21/2017, 13:00 ,13,1.0693,1.0695,1.0682,1.0692
4/21/2017, 14:00 ,14,1.0692,1.0709,1.0691,1.0698
4/21/2017, 15:00 ,15,1.0698,1.07,1.0687,1.0694
4/24/2017, 07:00 ,7,1.087,1.0872,1.0851,1.0858
4/24/2017, 08:00 ,8,1.0858,1.0862,1.084,1.0841
4/24/2017, 09:00 ,9,1.0841,1.0865,1.0841,1.0857
4/24/2017, 10:00 ,10,1.0857,1.0873,1.0856,1.0865
4/24/2017, 11:00 ,11,1.0865,1.087,1.0854,1.086
4/24/2017, 12:00 ,12,1.086,1.0867,1.0847,1.0847
4/24/2017, 13:00 ,13,1.0847,1.0853,1.0834,1.0841
4/24/2017, 14:00 ,14,1.0841,1.0849,1.084,1.0848
4/24/2017, 15:00 ,15,1.0848,1.0858,1.0845,1.0858
4/25/2017, 07:00 ,7,1.0882,1.0884,1.087,1.0878
4/25/2017, 08:00 ,8,1.0878,1.0887,1.0876,1.0887
4/25/2017, 09:00 ,9,1.0887,1.0896,1.0885,1.0888
4/25/2017, 10:00 ,10,1.0888,1.0901,1.0879,1.0898
4/25/2017, 11:00 ,11,1.0898,1.0932,1.0889,1.0927
4/25/2017, 12:00 ,12,1.0927,1.0941,1.0919,1.094
4/25/2017, 13:00 ,13,1.094,1.0949,1.0938,1.0949
4/25/2017, 14:00 ,14,1.0949,1.0949,1.0932,1.0935
4/25/2017, 15:00 ,15,1.0935,1.094,1.093,1.0937
4/26/2017, 07:00 ,7,1.09,1.09,1.0881,1.0892
4/26/2017, 08:00 ,8,1.0892,1.0897,1.0891,1.0893
4/26/2017, 09:00 ,9,1.0893,1.0897,1.088,1.0886
4/26/2017, 10:00 ,10,1.0886,1.089,1.0873,1.0889
4/26/2017, 11:00 ,11,1.0889,1.0894,1.0875,1.0875
4/26/2017, 12:00 ,12,1.0875,1.0884,1.0855,1.0871
4/26/2017, 13:00 ,13,1.0871,1.0878,1.0866,1.0875
4/26/2017, 14:00 ,14,1.0875,1.0898,1.0861,1.0898
4/26/2017, 15:00 ,15,1.0898,1.0912,1.0888,1.0897
4/27/2017, 07:00 ,7,1.0896,1.0907,1.0894,1.0898
4/27/2017, 08:00 ,8,1.0898,1.0901,1.0879,1.0886
4/27/2017, 09:00 ,9,1.0886,1.0932,1.0879,1.0895
4/27/2017, 10:00 ,10,1.0895,1.0896,1.0852,1.0862
4/27/2017, 11:00 ,11,1.0862,1.0872,1.0851,1.0864
4/27/2017, 12:00 ,12,1.0864,1.0871,1.086,1.0863
4/27/2017, 13:00 ,13,1.0863,1.0879,1.0857,1.0875
4/27/2017, 14:00 ,14,1.0875,1.0886,1.0873,1.088
4/27/2017, 15:00 ,15,1.088,1.0885,1.0877,1.0881
4/28/2017, 07:00 ,7,1.0937,1.0944,1.0934,1.0938
4/28/2017, 08:00 ,8,1.0938,1.0939,1.0926,1.0934
4/28/2017, 09:00 ,9,1.0934,1.0934,1.0906,1.0911
4/28/2017, 10:00 ,10,1.0911,1.0919,1.09,1.0917
4/28/2017, 11:00 ,11,1.0917,1.0921,1.0883,1.0891
4/28/2017, 12:00 ,12,1.0891,1.0901,1.0887,1.0894
4/28/2017, 13:00 ,13,1.0894,1.0901,1.0884,1.09
4/28/2017, 14:00 ,14,1.09,1.0905,1.0898,1.0901
4/28/2017, 15:00 ,15,1.0901,1.0903,1.0893,1.0894
5/1/2017, 07:00 ,7,1.0898,1.0901,1.0897,1.0898
5/1/2017, 08:00 ,8,1.0898,1.0905,1.0896,1.0905
5/1/2017, 09:00 ,9,1.0905,1.0921,1.0903,1.0916
5/1/2017, 10:00 ,10,1.0916,1.0917,1.0905,1.0908
5/1/2017, 11:00 ,11,1.0908,1.0923,1.0907,1.0914
5/1/2017, 12:00 ,12,1.0914,1.0918,1.0907,1.0911
5/1/2017, 13:00 ,13,1.0911,1.0915,1.0901,1.0903
5/1/2017, 14:00 ,14,1.0903,1.0907,1.0898,1.0904
5/1/2017, 15:00 ,15,1.0904,1.0907,1.0903,1.0904
5/2/2017, 07:00 ,7,1.0917,1.0919,1.0909,1.0916
5/2/2017, 08:00 ,8,1.0916,1.0917,1.0904,1.0905
5/2/2017, 09:00 ,9,1.0905,1.0915,1.0904,1.0907
5/2/2017, 10:00 ,10,1.0907,1.0912,1.0904,1.0908
5/2/2017, 11:00 ,11,1.0908,1.0909,1.0887,1.0901
5/2/2017, 12:00 ,12,1.0901,1.0912,1.0897,1.0909
5/2/2017, 13:00 ,13,1.0909,1.0917,1.0904,1.0905
5/2/2017, 14:00 ,14,1.0905,1.0918,1.0903,1.0918
5/2/2017, 15:00 ,15,1.0918,1.093,1.0915,1.0926
5/3/2017, 07:00 ,7,1.0909,1.0915,1.0907,1.0909
5/3/2017, 08:00 ,8,1.0909,1.0914,1.0906,1.0913
5/3/2017, 09:00 ,9,1.0913,1.0922,1.091,1.0914
5/3/2017, 10:00 ,10,1.0914,1.0921,1.0909,1.091
5/3/2017, 11:00 ,11,1.091,1.0914,1.0901,1.0907
5/3/2017, 12:00 ,12,1.0907,1.0919,1.0906,1.0918
5/3/2017, 13:00 ,13,1.0918,1.0923,1.0914,1.0916
5/3/2017, 14:00 ,14,1.0916,1.092,1.0906,1.091
5/3/2017, 15:00 ,15,1.091,1.0926,1.0892,1.0903
5/4/2017, 07:00 ,7,1.0932,1.0941,1.0928,1.093
5/4/2017, 08:00 ,8,1.093,1.0934,1.0923,1.0923
5/4/2017, 09:00 ,9,1.0923,1.0936,1.0918,1.0934
5/4/2017, 10:00 ,10,1.0934,1.0938,1.0924,1.0936
5/4/2017, 11:00 ,11,1.0936,1.0953,1.093,1.0944
5/4/2017, 12:00 ,12,1.0944,1.0968,1.0935,1.0966
5/4/2017, 13:00 ,13,1.0966,1.0978,1.0964,1.0973
5/4/2017, 14:00 ,14,1.0973,1.0976,1.0965,1.0967
5/4/2017, 15:00 ,15,1.0967,1.0978,1.0965,1.0977
5/5/2017, 07:00 ,7,1.0956,1.0963,1.0953,1.0958
5/5/2017, 08:00 ,8,1.0958,1.0963,1.0954,1.0957
5/5/2017, 09:00 ,9,1.0957,1.0991,1.0945,1.0978
5/5/2017, 10:00 ,10,1.0978,1.0982,1.0965,1.098
5/5/2017, 11:00 ,11,1.098,1.0992,1.0977,1.0984
5/5/2017, 12:00 ,12,1.0984,1.0998,1.098,1.0994
5/5/2017, 13:00 ,13,1.0994,1.0998,1.0984,1.0989
5/5/2017, 14:00 ,14,1.0989,1.0993,1.0984,1.099
5/5/2017, 15:00 ,15,1.099,1.0991,1.0983,1.0988
5/8/2017, 07:00 ,7,1.0938,1.0957,1.0936,1.095
5/8/2017, 08:00 ,8,1.095,1.0956,1.0937,1.0938
5/8/2017, 09:00 ,9,1.0938,1.095,1.093,1.0946
5/8/2017, 10:00 ,10,1.0946,1.0952,1.0938,1.0943
5/8/2017, 11:00 ,11,1.0943,1.0947,1.0928,1.093
5/8/2017, 12:00 ,12,1.093,1.0933,1.0915,1.0927
5/8/2017, 13:00 ,13,1.0927,1.0936,1.0924,1.0931
5/8/2017, 14:00 ,14,1.0931,1.0936,1.0924,1.0928
5/8/2017, 15:00 ,15,1.0928,1.0935,1.0926,1.0932
